{
  "version" : 0.0,
  "multiclass_classification_constraints" : {
    "accuracy" : {
      "threshold" : 0.5742616033755275,
      "comparison_operator" : "LessThanThreshold"
    },
    "weighted_recall" : {
      "threshold" : 0.5742616033755275,
      "comparison_operator" : "LessThanThreshold"
    },
    "weighted_precision" : {
      "threshold" : 0.5673798747400601,
      "comparison_operator" : "LessThanThreshold"
    },
    "weighted_f0_5" : {
      "threshold" : 0.5674977239595161,
      "comparison_operator" : "LessThanThreshold"
    },
    "weighted_f1" : {
      "threshold" : 0.5689098916922601,
      "comparison_operator" : "LessThanThreshold"
    },
    "weighted_f2" : {
      "threshold" : 0.5716925633258232,
      "comparison_operator" : "LessThanThreshold"
    }
  }
}