{
  "version" : 0.0,
  "dataset" : {
    "item_count" : 7110,
    "evaluation_time" : "2023-11-28T02:28:56.863Z"
  },
  "multiclass_classification_metrics" : {
    "confusion_matrix" : {
      "0" : {
        "0" : 947,
        "1" : 500,
        "-1" : 923
      },
      "1" : {
        "0" : 349,
        "1" : 1745,
        "-1" : 276
      },
      "-1" : {
        "0" : 676,
        "1" : 303,
        "-1" : 1391
      }
    },
    "accuracy" : {
      "value" : 0.5742616033755275,
      "standard_deviation" : 9.975693907044608E-4
    },
    "weighted_recall" : {
      "value" : 0.5742616033755275,
      "standard_deviation" : 9.975693907044827E-4
    },
    "weighted_precision" : {
      "value" : 0.5673798747400601,
      "standard_deviation" : 5.925950017850355E-4
    },
    "weighted_f0_5" : {
      "value" : 0.5674977239595161,
      "standard_deviation" : 5.567212833688101E-4
    },
    "weighted_f1" : {
      "value" : 0.5689098916922601,
      "standard_deviation" : 5.529824050948353E-4
    },
    "weighted_f2" : {
      "value" : 0.5716925633258232,
      "standard_deviation" : 7.177377335541153E-4
    },
    "accuracy_best_constant_classifier" : {
      "value" : 0.3333333333333333,
      "standard_deviation" : 0.0014797093617942357
    },
    "weighted_recall_best_constant_classifier" : {
      "value" : 0.3333333333333333,
      "standard_deviation" : 0.0014797093617942357
    },
    "weighted_precision_best_constant_classifier" : {
      "value" : 0.1111111111111111,
      "standard_deviation" : 9.831078536584805E-4
    },
    "weighted_f0_5_best_constant_classifier" : {
      "value" : 0.1282051282051282,
      "standard_deviation" : 0.0010911486101393539
    },
    "weighted_f1_best_constant_classifier" : {
      "value" : 0.16666666666666666,
      "standard_deviation" : 0.0012918991860663364
    },
    "weighted_f2_best_constant_classifier" : {
      "value" : 0.2380952380952381,
      "standard_deviation" : 0.0015085753460244997
    }
  }
}