{
    "label": "sentiment",
    "headers": [
        "sentiment",
        "review_body"
    ],
    "dataset_type": "text/csv",
    "methods": {
        "shap": {
            "baseline": [
                [
                    ""
                ]
            ],
            "num_samples": 2048,
            "agg_method": "mean_abs",
            "save_local_shap_values": true,
            "use_logit": true
        },
        "report": {
            "name": "explainability-report",
            "title": "Explainability Report"
        },
        "pdp": {
            "grid_resolution": 10
        }
    },
    "predictor": {
        "label": 2,
        "probability": 3
    }
}