{
    "explanations": {
        "kernel_shap": {
            "-1": {
                "expected_value": -0.5923748968107067,
                "global_shap_values": {
                    "review_body": 0.458544609129268
                }
            },
            "0": {
                "expected_value": -0.7317479012643605,
                "global_shap_values": {
                    "review_body": 0.32744428667316394
                }
            },
            "1": {
                "expected_value": -0.7579175375376292,
                "global_shap_values": {
                    "review_body": 0.712355841020232
                }
            }
        }
    },
    "version": "1.0"
}